"Game","Date","1","2","3","4","5","6","Additional number","some_1","Some_2"
"2878","18/03/17","3","11","22","24","33","36","7","0","0"
"2877","14/03/17","13","20","26","30","31","34","2","0","0"
"2876","11/03/17","11","13","18","20","25","29","7","1","0"
"2875","07/03/17","10","11","17","19","26","30","5","0","1"
"2874","04/03/17","3","8","9","12","27","33","3","0","0"
"2873","28/02/17","5","7","13","15","18","23","2","0","0"
"2872","25/02/17","1","6","18","24","28","35","2","0","0"
"2871","21/02/17","3","27","28","30","31","35","7","0","0"
"2870","18/02/17","6","8","14","19","20","37","5","2","0"
"2869","14/02/17","16","18","19","30","31","32","3","0","0"
"2868","11/02/17","12","15","17","18","22","26","1","0","0"
"2867","07/02/17","5","12","16","22","27","31","4","0","0"
"2866","04/02/17","4","22","24","25","26","29","6","0","0"
"2865","31/01/17","1","6","11","14","17","27","4","0","0"
"2864","28/01/17","5","8","11","16","22","29","6","0","0"
"2863","24/01/17","10","13","16","17","26","34","7","0","0"
"2862","21/01/17","8","9","12","13","29","34","5","0","0"
"2861","17/01/17","3","9","14","15","21","22","3","0","0"
"2860","14/01/17","5","7","10","15","26","37","7","1","0"
"2859","10/01/17","14","15","19","31","34","35","3","0","0"
"2858","07/01/17","5","6","9","17","24","31","7","0","0"
"2857","03/01/17","1","3","6","27","29","33","7","0","0"
"2856","31/12/16","11","13","27","30","32","34","6","0","0"
"2855","27/12/16","8","10","12","24","25","29","3","0","0"
"2854","24/12/16","5","8","21","28","31","35","2","0","0"
"2853","20/12/16","1","3","4","10","16","17","1","0","0"
"2852","17/12/16","1","2","10","12","26","29","6","0","0"
"2851","13/12/16","4","12","16","28","29","31","5","1","0"
"2850","10/12/16","8","9","15","21","26","29","3","0","1"
"2849","06/12/16","2","5","9","13","26","29","2","0","0"
"2848","03/12/16","6","16","20","25","26","27","6","0","0"
"2847","29/11/16","1","8","20","25","33","37","7","0","0"
"2846","26/11/16","1","12","13","29","32","36","1","0","0"
"2845","22/11/16","2","3","5","8","23","29","4","0","0"
"2844","19/11/16","13","16","19","22","25","31","2","1","0"
"2843","15/11/16","2","11","21","22","26","32","6","0","0"
"2842","12/11/16","2","14","16","18","32","37","3","0","0"
"2841","08/11/16","4","11","12","26","28","29","6","0","0"
"2840","05/11/16","3","9","13","16","22","34","6","0","0"
"2839","01/11/16","12","18","20","21","29","35","4","0","0"
"2838","29/10/16","4","16","21","23","24","27","3","1","0"
"2837","25/10/16","4","16","19","25","29","37","6","0","0"
"2836","22/10/16","1","6","12","14","36","37","3","0","0"
"2835","18/10/16","4","5","9","12","16","29","3","1","0"
"2834","15/10/16","9","20","22","23","24","29","6","0","0"
"2833","10/10/16","3","8","17","20","22","30","3","2","0"
"2832","08/10/16","1","9","10","21","24","32","1","0","0"
"2831","05/10/16","9","11","14","16","27","37","1","0","0"
"2830","01/10/16","14","20","23","25","26","35","3","0","0"
"2829","27/09/16","5","11","18","20","30","35","5","0","0"
"2828","24/09/16","9","15","17","25","27","32","3","0","0"
"2827","20/09/16","5","9","19","21","22","34","2","0","0"
"2826","17/09/16","11","14","22","26","27","33","7","0","0"
"2825","13/09/16","1","10","11","12","18","19","5","0","0"
"2824","10/09/16","5","7","10","13","24","33","7","0","0"
"2823","06/09/16","7","13","14","28","29","35","6","0","0"
"2822","03/09/16","1","4","16","26","28","37","5","0","0"
"2821","30/08/16","3","11","12","15","21","26","6","0","0"
"2820","27/08/16","12","13","15","20","21","32","1","0","0"
"2819","23/08/16","4","6","18","26","29","34","1","0","0"
"2818","20/08/16","3","4","5","27","30","36","3","0","0"
"2817","16/08/16","1","2","32","34","36","37","6","0","1"
"2816","14/08/16","1","3","15","27","31","35","7","0","0"
"2815","09/08/16","6","8","9","14","16","17","4","0","0"
"2814","06/08/16","1","25","34","35","36","37","2","0","0"
"2813","02/08/16","7","26","28","30","31","34","1","0","0"
"2812","30/07/16","2","12","20","28","30","33","5","0","0"
"2811","26/07/16","10","13","16","24","27","37","2","0","0"
"2810","23/07/16","1","9","15","20","23","28","4","1","0"
"2809","19/07/16","5","10","13","17","25","36","3","1","0"
"2808","16/07/16","4","6","15","24","31","37","4","0","0"
"2807","12/07/16","6","14","18","26","29","36","7","0","0"
"2806","09/07/16","1","2","5","16","24","34","7","0","0"
"2805","05/07/16","7","12","18","22","32","36","3","0","0"
"2804","02/07/16","3","7","10","21","33","35","2","1","0"
"2803","28/06/16","11","12","18","19","32","37","4","0","0"
"2802","25/06/16","2","12","21","23","28","31","6","0","0"
"2801","21/06/16","7","11","19","25","28","37","4","0","0"
"2800","18/06/16","12","14","16","29","32","37","5","0","0"
"2799","14/06/16","5","6","9","12","26","34","4","0","0"
"2798","12/06/16","1","20","23","24","26","32","7","0","0"
"2797","07/06/16","8","9","21","22","26","37","6","0","0"
"2796","04/06/16","5","8","17","31","32","37","7","0","0"
"2795","31/05/16","1","5","7","18","25","36","1","2","1"
"2794","28/05/16","4","6","14","22","28","29","4","0","0"
"2793","24/05/16","8","12","15","24","28","33","5","0","0"
"2792","21/05/16","3","5","6","13","26","29","1","0","0"
"2791","17/05/16","2","4","14","19","20","33","1","1","0"
"2790","14/05/16","13","17","20","26","35","37","2","0","0"
"2789","10/05/16","5","6","10","20","26","29","3","0","1"
"2788","07/05/16","1","9","20","25","27","31","4","0","0"
"2787","03/05/16","5","22","25","33","35","36","1","0","0"
"2786","01/05/16","2","6","8","14","29","34","3","0","0"
"2785","26/04/16","12","13","20","25","27","30","6","0","0"
"2784","23/04/16","2","5","6","14","22","32","3","0","0"
"2783","19/04/16","3","7","12","22","27","36","2","0","0"
"2782","16/04/16","7","13","19","32","35","37","6","0","0"
"2781","12/04/16","2","7","10","18","24","26","5","0","1"
"2780","09/04/16","5","8","11","20","29","36","4","0","0"
"2779","05/04/16","4","8","16","20","21","36","3","0","1"
"2778","02/04/16","3","15","26","28","32","33","4","1","0"
"2777","29/03/16","1","10","11","13","18","25","7","0","0"
"2776","26/03/16","6","10","14","15","26","36","3","1","0"
"2775","22/03/16","9","16","22","27","31","32","6","0","0"
"2774","19/03/16","6","9","17","26","27","36","6","0","0"
"2773","15/03/16","7","15","17","18","20","32","5","0","0"
"2772","12/03/16","1","5","14","21","27","30","7","0","0"
"2771","08/03/16","5","19","23","25","30","31","3","0","0"
"2770","05/03/16","1","2","7","8","9","26","2","0","1"
"2769","01/03/16","7","15","17","19","27","30","4","0","0"
"2768","27/02/16","3","18","19","22","24","26","7","1","0"
"2767","23/02/16","6","10","25","31","35","37","4","0","0"
"2766","20/02/16","2","5","21","29","34","37","3","0","0"
"2765","16/02/16","8","14","16","20","24","30","1","0","0"
"2764","13/02/16","2","13","14","19","21","30","1","0","0"
"2763","09/02/16","2","10","14","15","21","29","2","1","0"
"2762","06/02/16","1","4","11","19","30","32","4","0","0"
"2761","02/02/16","1","13","19","22","34","35","6","0","0"
"2760","30/01/16","8","9","11","12","13","22","4","0","0"
"2759","26/01/16","17","18","25","28","30","34","5","0","0"
"2758","23/01/16","5","16","18","23","24","26","6","0","0"
"2757","19/01/16","6","19","24","25","26","37","7","0","0"
"2756","16/01/16","1","8","13","27","32","37","2","0","0"
"2755","12/01/16","1","4","5","16","21","29","1","0","0"
"2754","09/01/16","3","12","14","24","32","34","6","0","1"
"2753","05/01/16","3","15","17","20","21","37","1","0","0"
"2752","02/01/16","1","13","15","30","31","32","2","0","0"
"2751","29/12/15","4","7","13","16","17","27","6","0","0"
"2750","26/12/15","14","21","27","31","32","35","5","1","0"
"2749","22/12/15","2","11","13","17","25","27","5","1","0"
"2748","19/12/15","1","11","13","25","27","29","7","0","0"
"2747","15/12/15","3","6","9","10","17","36","5","0","0"
"2746","12/12/15","4","9","10","12","13","29","4","0","0"
"2745","08/12/15","6","10","15","18","27","34","6","0","0"
"2744","05/12/15","4","17","18","23","25","28","2","0","0"
"2743","01/12/15","2","9","18","23","29","33","5","0","0"
"2742","28/11/15","7","19","27","29","34","35","7","0","0"
"2741","24/11/15","6","8","21","25","30","35","6","0","0"
"2740","21/11/15","7","9","14","21","26","34","5","0","0"
"2739","17/11/15","3","5","6","19","23","35","3","0","0"
"2738","14/11/15","10","17","18","22","24","29","1","0","0"
"2737","10/11/15","3","4","10","11","30","32","5","0","0"
"2736","07/11/15","18","19","29","34","35","36","1","0","0"
"2735","03/11/15","10","12","19","25","26","36","2","0","1"
"2734","31/10/15","14","20","22","26","31","37","5","0","0"
"2733","27/10/15","2","20","26","27","28","30","1","0","0"
"2732","24/10/15","9","13","15","20","25","36","6","0","0"
"2731","20/10/15","1","6","9","10","12","17","3","0","0"
"2730","17/10/15","2","3","13","21","22","31","6","0","0"
"2729","13/10/15","1","6","15","17","20","32","6","0","0"
"2728","10/10/15","5","6","16","17","20","22","7","0","0"
"2727","06/10/15","2","8","12","14","17","21","4","2","0"
"2726","03/10/15","9","17","23","28","30","36","7","0","0"
"2725","29/09/15","12","15","18","20","23","29","6","0","0"
"2724","26/09/15","5","6","8","11","20","27","7","0","0"
"2723","21/09/15","5","12","13","33","35","36","1","0","0"
"2722","19/09/15","1","8","11","23","30","35","6","0","0"
"2721","16/09/15","11","14","18","20","22","33","7","0","0"
"2720","12/09/15","6","9","15","23","24","28","4","0","0"
"2719","08/09/15","19","21","22","24","30","37","5","0","0"
"2718","05/09/15","5","6","10","15","28","29","7","0","1"
"2717","01/09/15","10","18","22","27","31","35","1","0","0"
"2716","29/08/15","5","7","8","15","19","26","3","1","0"
"2715","25/08/15","1","8","11","17","25","30","6","0","0"
"2714","22/08/15","16","17","18","20","28","35","3","0","0"
"2713","18/08/15","4","7","12","14","17","34","4","0","0"
"2712","15/08/15","3","7","14","24","27","28","2","1","0"
"2711","11/08/15","5","8","16","21","34","35","3","0","0"
"2710","08/08/15","2","6","17","29","31","35","3","1","1"
"2709","04/08/15","13","21","22","26","29","34","3","0","0"
"2708","01/08/15","5","7","9","17","19","29","3","0","0"
"2707","28/07/15","24","27","30","34","35","37","5","0","0"
"2706","26/07/15","7","9","16","23","29","30","3","0","0"
"2705","21/07/15","16","21","27","28","32","37","7","0","0"
"2704","18/07/15","2","3","11","18","25","27","5","0","0"
"2703","14/07/15","2","16","21","26","33","34","2","0","0"
"2702","11/07/15","5","15","22","23","25","29","6","0","0"
"2701","07/07/15","1","6","9","13","23","35","2","0","0"
"2700","04/07/15","2","14","22","23","25","28","5","0","0"
"2699","30/06/15","11","13","20","29","30","37","7","0","0"
"2698","27/06/15","2","6","13","16","27","33","3","0","0"
"2697","23/06/15","8","11","18","21","24","30","4","0","0"
"2696","20/06/15","3","5","7","13","17","28","4","1","0"
"2695","16/06/15","17","18","20","21","26","32","3","0","0"
"2694","13/06/15","3","4","14","18","32","35","2","0","0"
"2693","09/06/15","3","8","10","12","28","37","5","0","0"
"2692","06/06/15","4","6","8","18","27","37","4","0","0"
"2691","02/06/15","4","17","18","24","27","36","2","0","0"
"2690","30/05/15","6","8","11","23","32","35","4","0","0"
"2689","26/05/15","2","5","10","12","18","26","4","1","0"
"2688","24/05/15","4","11","18","22","29","31","4","0","0"
"2687","19/05/15","15","18","22","23","26","34","6","0","0"
"2686","16/05/15","6","8","18","22","29","37","1","1","0"
"2685","12/05/15","1","13","23","24","30","31","7","0","0"
"2684","09/05/15","5","16","22","23","24","33","1","0","0"
"2683","05/05/15","6","10","12","15","27","33","1","0","0"
"2682","02/05/15","1","3","8","12","19","30","1","1","0"
"2681","28/04/15","6","9","18","23","26","33","2","0","0"
"2680","25/04/15","1","15","17","31","32","34","2","0","0"
"2679","21/04/15","1","11","13","15","18","25","6","0","0"
"2678","18/04/15","11","12","18","24","31","33","6","1","0"
"2677","14/04/15","1","2","4","9","12","16","4","0","0"
"2676","12/04/15","2","9","11","13","29","33","3","0","0"
"2675","07/04/15","11","12","15","22","23","29","7","0","1"
"2674","04/04/15","7","32","33","34","35","36","2","0","0"
"2673","31/03/15","5","13","16","18","23","26","1","0","0"
"2672","28/03/15","5","13","21","22","25","28","1","0","0"
"2671","24/03/15","2","3","5","10","26","27","2","0","0"
"2670","21/03/15","11","15","17","27","33","37","5","0","0"
"2669","17/03/15","11","15","22","29","35","37","4","0","0"
"2668","14/03/15","14","15","18","22","23","29","1","0","0"
"2667","10/03/15","6","10","15","19","36","37","3","0","0"
"2666","07/03/15","3","14","15","19","26","33","6","0","1"
"2665","03/03/15","2","10","11","13","22","37","4","0","0"
"2664","28/02/15","11","13","22","29","31","33","1","0","0"
"2663","24/02/15","10","16","22","30","35","36","2","0","0"
"2662","21/02/15","4","14","16","22","28","33","4","0","0"
"2661","17/02/15","3","13","14","18","28","30","2","0","0"
"2660","14/02/15","8","11","13","20","22","25","5","0","0"
"2659","10/02/15","1","6","10","22","24","26","3","0","0"
"2658","07/02/15","8","12","17","21","27","30","1","0","0"
"2657","03/02/15","8","12","21","24","25","27","1","0","0"
"2656","31/01/15","1","10","16","28","29","32","5","0","0"
"2655","27/01/15","4","6","13","19","33","35","6","0","0"
"2654","24/01/15","4","11","19","28","31","34","4","0","0"
"2653","20/01/15","11","24","30","34","35","37","7","0","0"
"2652","17/01/15","1","7","11","17","36","37","2","1","1"
"2651","13/01/15","4","8","17","20","25","30","1","0","0"
"2650","10/01/15","3","8","10","15","30","33","4","0","0"
"2649","06/01/15","4","13","22","25","28","30","5","0","0"
"2648","03/01/15","9","20","22","23","29","31","2","0","0"
"2647","30/12/14","1","2","5","12","34","35","4","0","0"
"2646","27/12/14","4","5","18","20","28","36","4","0","0"
"2645","23/12/14","7","9","20","24","28","35","5","0","0"
"2644","20/12/14","6","12","25","27","30","37","5","0","0"
"2643","16/12/14","9","12","25","29","34","36","5","0","0"
"2642","13/12/14","2","9","27","29","32","36","1","0","0"
"2641","09/12/14","5","7","10","15","22","35","5","1","1"
"2640","06/12/14","3","20","28","31","33","37","5","0","0"
"2639","02/12/14","1","2","9","11","15","21","2","0","0"
"2638","29/11/14","2","10","14","17","28","34","2","1","1"
"2637","25/11/14","2","9","13","16","28","29","1","0","0"
"2636","22/11/14","4","6","10","11","14","25","7","0","0"
"2635","18/11/14","1","3","29","30","33","35","2","0","0"
"2634","15/11/14","4","8","9","23","25","31","4","0","1"
"2633","11/11/14","3","11","18","25","33","36","7","1","1"
"2632","08/11/14","7","16","18","21","23","36","6","0","0"
"2631","04/11/14","2","19","28","29","34","36","6","0","0"
"2630","01/11/14","1","2","5","15","27","31","4","0","0"
"2629","28/10/14","12","15","20","30","33","37","3","0","0"
"2628","25/10/14","2","5","6","10","19","29","5","2","0"
"2627","21/10/14","5","7","9","11","24","29","1","0","0"
"2626","18/10/14","9","10","11","12","21","32","5","0","0"
"2625","14/10/14","5","10","17","23","32","36","6","0","0"
"2624","11/10/14","2","6","11","16","27","34","3","0","0"
"2623","07/10/14","8","10","15","23","26","34","1","0","0"
"2622","05/10/14","1","9","10","21","26","37","3","0","0"
"2621","30/09/14","8","13","17","18","34","36","1","0","0"
"2620","28/09/14","13","17","19","26","30","36","5","0","0"
"2619","23/09/14","7","9","10","34","35","36","7","0","0"
"2618","20/09/14","7","19","20","25","31","34","3","0","0"
"2617","16/09/14","3","8","11","19","26","35","2","0","0"
"2616","13/09/14","1","4","12","18","31","37","3","1","0"
"2615","09/09/14","2","12","14","27","29","32","5","0","0"
"2614","06/09/14","3","15","24","25","26","35","2","0","0"
"2613","02/09/14","6","10","18","27","35","36","6","0","0"
"2612","30/08/14","2","9","28","31","32","35","6","0","0"
"2611","26/08/14","2","7","10","23","26","35","6","1","0"
"2610","23/08/14","5","15","20","25","27","32","4","0","0"
"2609","19/08/14","4","16","30","32","34","36","4","0","0"
"2608","16/08/14","2","5","7","16","22","37","4","0","0"
"2607","12/08/14","3","15","21","28","30","32","4","0","0"
"2606","09/08/14","4","11","13","20","32","35","2","0","0"
"2605","05/08/14","5","9","21","23","28","33","7","0","0"
"2604","02/08/14","6","13","14","21","23","26","6","0","1"
"2603","29/07/14","3","5","8","16","17","20","2","0","1"
"2602","26/07/14","2","3","28","30","33","35","5","0","0"
"2601","22/07/14","2","10","12","23","30","33","5","0","0"
"2600","19/07/14","4","11","27","32","34","37","4","0","0"
"2599","15/07/14","7","14","20","27","29","31","5","1","0"
"2598","12/07/14","4","11","12","13","20","27","2","0","1"
"2597","08/07/14","2","5","18","19","20","31","1","0","0"
"2596","05/07/14","1","10","17","21","22","31","4","0","0"
"2595","01/07/14","5","13","17","26","29","33","5","0","1"
"2594","28/06/14","1","2","6","19","29","33","7","0","0"
"2593","24/06/14","7","8","15","30","33","34","6","0","0"
"2592","21/06/14","8","11","22","33","34","35","6","0","0"
"2591","17/06/14","7","8","15","18","29","34","4","0","0"
"2590","14/06/14","13","15","24","25","30","32","5","0","0"
"2589","10/06/14","6","8","9","25","29","37","3","0","0"
"2588","07/06/14","4","9","10","14","19","35","2","0","0"
"2587","04/06/14","11","17","19","31","36","37","1","0","0"
"2586","31/05/14","5","11","12","13","15","22","7","0","0"
"2585","27/05/14","3","4","6","18","26","29","3","0","1"
"2584","24/05/14","5","10","19","25","32","35","7","0","0"
"2583","20/05/14","2","6","12","26","30","35","3","0","0"
"2582","17/05/14","1","3","11","16","20","35","2","0","0"
"2581","13/05/14","3","11","17","20","31","32","6","1","0"
"2580","10/05/14","1","2","3","4","7","25","2","0","2"
"2579","07/05/14","6","8","9","17","29","30","4","0","0"
"2578","03/05/14","20","22","28","31","35","36","3","0","1"
"2577","29/04/14","3","5","9","14","22","23","7","0","0"
"2576","26/04/14","2","4","13","16","29","34","1","0","0"
"2575","22/04/14","1","3","5","16","26","30","5","1","0"
"2574","19/04/14","2","3","20","31","35","37","7","0","0"
"2573","16/04/14","4","9","23","28","34","36","5","0","0"
"2572","12/04/14","11","16","19","24","27","35","3","0","0"
"2571","08/04/14","10","21","28","30","31","35","6","0","0"
"2570","05/04/14","2","12","18","28","33","34","1","0","0"
"2569","01/04/14","15","17","23","25","30","35","2","0","0"
"2568","29/03/14","4","13","24","25","32","34","2","0","0"
"2567","25/03/14","3","6","16","28","32","33","2","0","0"
"2566","22/03/14","3","4","23","26","31","35","3","1","0"
"2565","18/03/14","4","9","12","14","17","29","2","0","0"
"2564","15/03/14","7","17","24","29","36","37","7","0","0"
"2563","11/03/14","1","3","6","9","34","37","3","1","0"
"2562","08/03/14","17","21","23","24","26","35","2","0","0"
"2561","04/03/14","3","6","17","23","27","32","6","0","0"
"2560","01/03/14","4","8","9","22","29","33","6","0","0"
"2559","25/02/14","5","6","11","21","22","28","2","0","0"
"2558","22/02/14","3","8","23","26","28","29","6","0","0"
"2557","18/02/14","3","7","14","21","27","37","6","1","0"
"2556","15/02/14","1","6","10","16","21","22","4","2","0"
"2555","11/02/14","2","5","18","20","23","29","3","0","0"
"2554","08/02/14","16","22","26","29","36","37","3","0","0"
"2553","04/02/14","1","2","4","28","29","31","5","0","0"
"2552","01/02/14","1","5","12","22","24","27","6","0","0"
"2551","28/01/14","20","24","26","28","32","33","6","0","0"
"2550","25/01/14","13","15","26","28","29","36","2","0","0"
"2549","21/01/14","18","22","30","34","35","37","7","0","0"
"2548","18/01/14","1","11","15","16","23","32","5","0","0"
"2547","14/01/14","2","8","10","13","35","37","5","0","0"
"2546","11/01/14","1","3","4","22","28","36","2","0","0"
"2545","07/01/14","12","13","18","31","32","36","7","0","0"
"2544","04/01/14","7","9","13","18","21","22","4","1","0"
"2543","31/12/13","7","9","10","22","24","33","4","0","0"
"2542","28/12/13","4","14","16","21","33","36","3","0","0"
"2541","24/12/13","9","18","25","30","33","37","5","0","0"
"2540","21/12/13","5","20","21","26","30","35","1","0","0"
"2539","17/12/13","13","15","17","24","26","27","3","0","0"
"2538","14/12/13","5","11","25","26","29","36","3","0","0"
"2537","10/12/13","1","8","12","19","26","27","3","0","0"
"2536","07/12/13","1","3","11","13","21","28","7","0","0"
"2535","03/12/13","2","10","16","26","27","30","4","0","0"
"2534","30/11/13","11","21","29","33","35","37","4","0","0"
"2533","26/11/13","11","14","19","21","26","33","7","0","0"
"2532","23/11/13","1","9","17","29","30","37","5","0","0"
"2531","19/11/13","4","6","10","17","28","32","4","0","0"
"2530","16/11/13","7","19","22","28","30","33","4","0","1"
"2529","12/11/13","14","22","24","33","35","36","7","0","0"
"2528","09/11/13","3","4","24","27","31","36","2","0","0"
"2527","05/11/13","1","10","12","19","35","36","6","1","1"
"2526","02/11/13","2","8","12","19","26","27","6","0","0"
"2525","29/10/13","1","7","10","21","28","30","1","0","0"
"2524","26/10/13","1","2","7","12","29","33","3","0","0"
"2523","22/10/13","11","17","21","23","26","27","3","0","0"
"2522","19/10/13","6","13","15","22","23","37","6","0","0"
"2521","15/10/13","5","8","10","20","34","37","2","0","0"
"2520","12/10/13","3","8","16","19","25","27","1","0","0"
"2519","08/10/13","3","7","13","17","18","28","7","0","0"
"2518","05/10/13","2","4","12","27","34","37","2","0","0"
"2517","01/10/13","10","11","19","21","23","29","4","0","0"
"2516","28/09/13","3","9","14","20","34","35","2","0","1"
"2515","24/09/13","11","21","22","23","28","37","5","0","0"
"2514","21/09/13","3","8","17","19","24","33","6","0","0"
"2513","17/09/13","17","20","26","28","30","33","4","0","0"
"2512","15/09/13","1","3","4","6","12","13","4","0","0"
"2511","10/09/13","3","13","24","27","33","35","3","0","0"
"2510","08/09/13","2","6","16","28","35","37","7","0","0"
"2509","03/09/13","8","14","27","29","33","37","6","1","0"
"2508","31/08/13","7","12","16","22","24","25","3","0","0"
"2507","27/08/13","4","16","17","19","30","34","5","0","0"
"2506","24/08/13","6","10","11","15","19","24","5","0","0"
"2505","20/08/13","8","13","16","17","29","37","6","0","0"
"2504","17/08/13","5","9","17","19","33","35","7","0","0"
"2503","13/08/13","1","5","14","19","26","28","4","0","0"
"2502","10/08/13","1","3","18","19","35","37","6","0","0"
"2501","06/08/13","2","3","4","27","30","32","6","0","0"
"2500","03/08/13","5","8","9","17","24","32","5","0","0"
"2499","30/07/13","13","14","26","29","31","35","1","0","0"
"2498","27/07/13","8","9","11","16","31","34","4","0","1"
"2497","23/07/13","8","13","23","26","27","29","3","0","0"
"2496","20/07/13","3","7","8","24","34","36","2","0","0"
"2495","16/07/13","4","11","12","15","30","33","1","0","0"
"2494","13/07/13","12","18","19","28","29","34","7","0","0"
"2493","09/07/13","7","16","19","21","31","36","3","0","0"
"2492","06/07/13","4","19","27","30","31","35","5","0","0"
"2491","02/07/13","4","10","15","24","28","29","5","1","0"
"2490","29/06/13","8","10","17","18","35","37","1","0","0"
"2489","25/06/13","4","21","22","23","27","35","5","1","0"
"2488","22/06/13","3","6","7","10","16","30","4","0","0"
"2487","18/06/13","3","9","10","22","28","33","7","0","0"
"2486","15/06/13","11","15","21","29","31","36","3","0","0"
"2485","11/06/13","3","21","25","26","36","37","1","0","0"
"2484","08/06/13","4","6","17","19","21","36","3","0","0"
"2483","04/06/13","13","17","21","27","29","31","4","0","0"
"2482","01/06/13","12","19","21","23","26","35","5","2","0"
"2481","28/05/13","2","11","16","18","26","36","4","1","0"
"2480","25/05/13","3","9","21","26","29","37","1","0","0"
"2479","21/05/13","8","10","14","17","20","34","1","1","0"
"2478","18/05/13","2","4","24","25","32","34","1","0","0"
"2477","15/05/13","3","7","15","19","24","33","4","0","0"
"2476","11/05/13","7","20","26","33","34","35","3","0","0"
"2475","07/05/13","10","19","20","24","28","33","3","0","0"
"2474","04/05/13","1","4","6","9","25","35","1","0","0"
"2473","30/04/13","1","2","3","10","16","29","6","0","0"
"2472","27/04/13","12","13","28","33","35","37","5","0","0"
"2471","23/04/13","2","7","12","19","27","37","6","0","0"
"2470","20/04/13","18","20","25","27","32","36","1","0","0"
"2469","17/04/13","1","26","28","32","33","35","5","0","0"
"2468","13/04/13","1","11","15","24","27","34","5","0","0"
"2467","09/04/13","11","20","21","22","25","36","7","0","0"
"2466","06/04/13","8","12","13","27","28","34","7","0","0"
"2465","02/04/13","1","8","12","19","30","35","4","0","0"
"2464","30/03/13","8","10","12","15","19","30","5","0","0"
"2463","27/03/13","3","4","7","21","33","37","2","0","0"
"2462","23/03/13","6","12","13","24","27","29","4","0","0"
"2461","19/03/13","1","8","9","18","19","20","4","0","0"
"2460","16/03/13","17","25","29","30","33","37","2","0","0"
"2459","12/03/13","2","14","27","28","32","34","7","0","0"
"2458","09/03/13","7","9","13","14","30","33","1","0","0"
"2457","05/03/13","5","13","19","22","28","33","2","0","1"
"2456","02/03/13","3","4","26","30","34","37","4","0","0"
"2455","26/02/13","3","9","13","17","25","37","1","1","0"
"2454","23/02/13","13","16","24","31","35","36","5","0","0"
"2453","19/02/13","4","23","25","30","32","35","3","0","0"
"2452","16/02/13","6","8","14","20","25","29","6","0","0"
"2451","12/02/13","1","15","17","21","34","37","3","0","0"
"2450","09/02/13","4","20","21","26","35","37","1","0","0"
"2449","05/02/13","3","5","10","17","30","32","1","0","0"
"2448","02/02/13","1","9","11","20","25","27","3","0","0"
"2447","29/01/13","9","16","18","30","32","33","7","0","0"
"2446","26/01/13","6","9","13","17","29","34","6","1","1"
"2445","22/01/13","1","6","14","20","29","36","2","0","0"
"2444","19/01/13","10","12","26","27","31","36","3","0","0"
"2443","15/01/13","5","13","14","16","18","21","2","0","0"
"2442","12/01/13","1","3","11","25","33","34","3","0","0"
"2441","08/01/13","9","16","17","20","32","33","4","0","0"
"2440","05/01/13","7","10","12","19","25","36","7","0","0"
"2439","01/01/13","5","11","12","13","15","20","4","0","0"
"2438","29/12/12","11","13","18","26","27","36","2","0","0"
"2437","25/12/12","1","4","5","7","18","23","1","1","0"
"2436","22/12/12","7","16","28","31","33","35","4","0","0"
"2435","20/12/12","6","9","24","25","33","34","2","0","0"
"2434","18/12/12","8","14","18","22","25","31","1","1","0"
"2433","15/12/12","7","10","17","23","24","31","3","0","0"
"2432","11/12/12","2","9","15","22","31","33","6","0","0"
"2431","08/12/12","3","10","11","13","26","37","1","1","0"
"2430","06/12/12","5","6","9","26","32","35","4","0","0"
"2429","04/12/12","2","3","6","19","25","27","7","0","0"
"2428","01/12/12","2","8","12","31","34","35","5","0","0"
"2427","27/11/12","12","14","19","20","23","25","4","0","0"
"2426","24/11/12","8","11","25","30","31","33","7","0","0"
"2425","20/11/12","4","5","21","30","36","37","5","0","0"
"2424","17/11/12","2","12","13","16","23","25","1","0","0"
"2423","13/11/12","6","8","14","25","26","31","1","1","0"
"2422","10/11/12","12","15","24","26","31","33","1","0","0"
"2421","06/11/12","11","19","21","22","26","30","4","1","0"
"2420","03/11/12","1","8","10","12","16","26","6","0","0"
"2419","01/11/12","2","7","10","11","29","32","5","0","0"
"2418","30/10/12","5","7","14","15","16","35","7","0","0"
"2417","27/10/12","3","9","15","24","30","35","7","0","0"
"2416","23/10/12","1","3","7","18","28","34","7","0","0"
"2415","20/10/12","6","17","22","24","26","31","6","0","0"
"2414","18/10/12","2","3","6","20","21","30","2","0","0"
"2413","16/10/12","7","10","11","19","23","25","6","0","0"
"2412","13/10/12","3","9","14","19","27","31","6","1","0"
"2411","09/10/12","2","4","7","24","32","36","1","1","0"
"2410","06/10/12","2","8","16","23","29","36","3","0","0"
"2409","02/10/12","1","8","20","21","33","37","2","0","0"
"2408","29/09/12","4","8","27","30","34","36","6","0","0"
"2407","27/09/12","2","12","20","22","24","32","5","0","1"
"2406","22/09/12","12","13","16","18","35","37","5","0","0"
"2405","20/09/12","11","19","22","23","25","36","5","0","0"
"2404","15/09/12","2","6","12","16","21","26","5","0","0"
"2403","11/09/12","3","5","10","11","12","21","3","0","0"
"2402","08/09/12","8","23","26","31","34","35","5","0","0"
"2401","06/09/12","9","13","21","22","24","31","1","0","0"
"2400","04/09/12","3","7","15","29","31","34","7","0","1"
"2399","01/09/12","2","3","18","20","26","35","2","0","0"
"2398","28/08/12","2","6","19","29","36","37","7","0","0"
"2397","25/08/12","7","11","26","27","28","34","6","0","0"
"2396","21/08/12","6","7","17","18","25","35","4","0","0"
"2395","18/08/12","4","12","16","21","26","30","6","0","0"
"2394","14/08/12","5","8","25","29","30","31","4","0","0"
"2393","11/08/12","9","16","21","24","26","33","7","0","0"
"2392","07/08/12","1","15","21","23","26","36","3","0","2"
"2391","04/08/12","4","12","19","23","27","31","1","0","0"
"2390","02/08/12","3","8","30","34","35","36","7","0","0"
"2389","31/07/12","1","5","11","18","26","30","3","1","0"
"2388","27/07/12","3","15","26","27","36","37","5","0","0"
"2387","24/07/12","1","11","21","25","26","31","4","0","0"
"2386","21/07/12","4","8","21","22","24","29","1","0","0"
"2385","17/07/12","9","15","25","26","28","32","3","0","0"
"2384","14/07/12","2","11","12","18","24","26","5","0","0"
"2383","10/07/12","7","20","23","24","25","36","7","0","0"
"2382","07/07/12","4","8","14","21","27","37","3","0","0"
"2381","05/07/12","5","8","11","21","35","37","6","0","0"
"2380","03/07/12","9","15","25","30","32","33","7","0","0"
"2379","30/06/12","3","8","9","10","16","36","6","0","0"
"2378","26/06/12","1","2","14","15","28","31","2","1","0"
"2377","23/06/12","10","12","18","21","25","35","2","0","0"
"2376","21/06/12","6","7","11","30","33","35","3","0","0"
"2375","19/06/12","2","5","14","21","36","37","3","0","0"
"2374","16/06/12","1","2","3","16","28","30","3","0","0"
"2373","12/06/12","5","7","11","24","26","30","1","0","0"
"2372","09/06/12","1","6","25","29","33","34","2","0","0"
"2371","07/06/12","5","10","12","20","22","31","1","0","0"
"2370","05/06/12","7","21","26","31","32","35","6","0","0"
"2369","02/06/12","2","8","12","17","21","24","3","1","0"
"2368","29/05/12","3","8","10","23","24","34","3","0","0"
"2367","27/05/12","14","19","30","34","35","36","4","0","1"
"2366","22/05/12","9","11","21","25","26","32","6","1","0"
"2365","19/05/12","5","6","7","16","23","36","1","0","0"
"2364","15/05/12","4","5","18","23","32","36","4","0","0"
"2363","12/05/12","1","2","3","14","23","29","7","0","0"
"2362","08/05/12","2","21","22","23","28","30","4","0","0"
"2361","05/05/12","18","22","25","26","27","33","3","0","0"
"2360","03/05/12","4","15","17","20","21","25","4","0","0"
"2359","01/05/12","8","9","19","27","28","33","2","0","0"
"2358","28/04/12","5","17","19","22","25","32","1","0","0"
"2357","23/04/12","1","2","9","12","26","29","2","0","0"
"2356","21/04/12","1","8","21","23","28","32","5","0","0"
"2355","17/04/12","3","5","7","27","35","36","2","0","0"
"2354","15/04/12","3","11","12","15","22","33","7","1","0"
"2353","10/04/12","1","8","14","21","23","31","2","0","0"
"2352","08/04/12","7","16","17","18","20","36","1","0","0"
"2351","03/04/12","8","13","15","21","23","26","3","1","0"
"2350","31/03/12","6","8","9","11","17","31","1","0","0"
"2349","29/03/12","8","12","13","16","30","37","2","0","0"
"2348","27/03/12","3","5","12","23","24","32","7","0","0"
"2347","24/03/12","1","3","5","11","19","24","5","0","0"
"2346","20/03/12","2","14","15","23","27","31","3","0","1"
"2345","17/03/12","1","4","14","23","29","30","7","0","0"
"2344","13/03/12","2","3","10","11","28","34","6","0","0"
"2343","10/03/12","12","19","23","30","35","37","5","0","0"
"2342","06/03/12","6","13","14","22","28","29","6","0","0"
"2341","03/03/12","2","7","8","14","31","34","5","0","0"
"2340","01/03/12","11","13","24","26","29","34","6","1","0"
"2339","28/02/12","2","10","14","32","34","36","7","0","0"
"2338","25/02/12","1","5","11","13","21","35","2","0","0"
"2337","21/02/12","18","21","22","23","25","36","2","0","0"
"2336","18/02/12","3","5","7","8","32","37","5","0","0"
"2335","14/02/12","7","10","22","23","27","36","3","0","0"
"2334","11/02/12","2","4","25","30","33","37","6","0","0"
"2333","07/02/12","1","2","17","19","29","32","4","1","0"
"2332","04/02/12","15","16","17","25","27","30","4","0","0"
"2331","02/02/12","14","17","29","31","32","35","5","0","0"
"2330","31/01/12","8","15","20","26","27","34","6","0","0"
"2329","28/01/12","8","12","18","20","29","32","3","0","0"
"2328","24/01/12","3","10","15","24","28","37","4","0","0"
"2327","21/01/12","14","16","27","28","32","36","5","0","0"
"2326","17/01/12","2","19","22","25","26","28","3","0","0"
"2325","14/01/12","5","10","14","25","27","33","2","0","0"
"2324","10/01/12","7","10","16","21","25","28","5","0","0"
"2323","07/01/12","1","2","20","21","25","28","1","0","0"
"2322","05/01/12","3","23","25","28","29","33","4","0","1"
"2321","03/01/12","7","25","27","31","32","34","7","0","0"
"2320","31/12/11","2","3","8","15","19","34","6","0","0"
"2319","27/12/11","5","6","7","12","33","36","7","0","0"
"2318","24/12/11","1","3","13","14","17","36","5","0","0"
"2317","20/12/11","4","16","21","26","28","30","2","1","0"
"2316","17/12/11","6","7","22","30","31","36","6","0","0"
"2315","13/12/11","2","4","5","11","15","24","7","0","0"
"2314","11/12/11","3","10","23","27","32","37","6","1","0"
"2313","06/12/11","6","13","15","17","19","35","3","0","0"
"2312","03/12/11","7","8","20","26","30","34","2","0","0"
"2311","29/11/11","12","21","25","27","29","31","2","0","0"
"2310","26/11/11","2","7","10","20","23","32","7","0","1"
"2309","22/11/11","15","16","20","24","28","35","6","0","0"
"2308","19/11/11","15","19","22","29","33","37","7","1","0"
"2307","15/11/11","2","4","5","7","24","33","1","1","0"
"2306","12/11/11","3","12","16","21","26","36","1","0","0"
"2305","08/11/11","1","2","14","15","18","32","1","0","0"
"2304","05/11/11","6","15","20","25","28","30","5","0","0"
"2303","01/11/11","2","15","17","18","20","34","2","0","0"
"2302","29/10/11","2","7","9","14","23","24","6","0","0"
"2301","25/10/11","10","13","20","35","36","37","1","0","1"
"2300","23/10/11","9","18","20","31","32","37","3","0","0"
"2299","18/10/11","2","4","17","20","26","34","4","0","0"
"2298","15/10/11","7","12","15","27","33","37","3","0","0"
"2297","11/10/11","1","3","4","7","20","34","3","0","0"
"2296","09/10/11","3","9","12","17","24","30","2","0","2"
"2295","04/10/11","5","8","10","16","19","31","7","0","0"
"2294","02/10/11","12","16","24","29","33","35","2","0","0"
"2293","27/09/11","3","5","10","11","34","36","6","0","0"
"2292","24/09/11","4","15","16","17","35","37","3","0","0"
"2291","20/09/11","9","13","16","17","34","35","5","0","0"
"2290","17/09/11","15","18","21","29","31","34","6","1","0"
"2289","13/09/11","15","19","29","31","34","35","7","0","0"
"2288","10/09/11","10","11","14","19","20","29","2","0","0"
"2287","06/09/11","6","7","12","18","25","26","1","0","0"
"2286","03/09/11","9","16","18","20","21","25","6","0","0"
"2285","30/08/11","1","2","3","5","22","28","5","0","0"
"2284","27/08/11","8","12","15","23","34","35","3","0","1"
"2283","23/08/11","16","17","21","28","33","37","4","0","0"
"2282","20/08/11","17","18","24","30","36","37","2","0","0"
"2281","16/08/11","4","6","8","32","35","37","1","0","0"
"2280","13/08/11","4","7","12","18","20","36","1","0","0"
"2279","09/08/11","9","15","17","18","25","26","3","0","0"
"2278","06/08/11","1","2","10","15","25","32","6","0","0"
"2277","02/08/11","7","10","14","18","20","36","2","0","0"
"2276","30/07/11","1","5","13","24","30","37","6","1","0"
"2275","26/07/11","1","4","11","26","28","34","7","0","0"
"2274","23/07/11","15","17","23","24","27","31","2","0","0"
"2273","19/07/11","1","16","20","24","29","36","5","1","0"
"2272","16/07/11","7","11","17","21","23","37","2","0","0"
"2271","12/07/11","1","2","9","21","22","36","3","0","0"
"2270","09/07/11","3","11","15","17","22","23","1","0","0"
"2269","05/07/11","1","6","19","23","33","37","3","1","0"
"2268","02/07/11","4","11","17","24","25","30","3","0","0"
"2267","28/06/11","21","24","30","32","36","37","4","1","0"
"2266","25/06/11","6","10","16","20","23","30","1","0","1"
"2265","21/06/11","5","16","19","25","28","34","2","0","0"
"2264","18/06/11","4","16","19","29","30","32","6","0","0"
"2263","14/06/11","1","3","4","18","24","26","3","0","0"
"2262","11/06/11","2","8","12","17","26","35","7","0","0"
"2261","08/06/11","8","11","13","16","32","37","7","0","0"
"2260","04/06/11","5","9","12","16","20","26","1","0","0"
"2259","31/05/11","2","9","20","22","23","33","2","0","0"
"2258","28/05/11","6","10","16","19","27","32","5","0","0"
"2257","24/05/11","7","12","18","23","34","36","4","1","0"
"2256","21/05/11","2","16","17","31","35","36","5","0","0"
"2255","17/05/11","3","12","15","16","27","34","2","0","0"
"2254","14/05/11","10","16","21","23","35","37","7","0","0"
"2253","11/05/11","4","8","12","14","22","24","4","0","1"
"2252","07/05/11","1","12","14","20","21","29","2","0","0"
"2251","03/05/11","5","11","13","14","34","36","4","1","0"
"2250","30/04/11","3","4","19","23","27","33","6","0","0"
"2249","27/04/11","3","14","17","24","30","35","4","0","0"
"2248","23/04/11","10","14","19","20","23","34","5","0","0"
"2247","20/04/11","12","13","15","26","28","36","4","0","0"
"2246","16/04/11","7","8","11","13","15","28","1","0","0"
"2245","12/04/11","5","12","17","19","24","34","2","0","0"
"2244","09/04/11","6","16","18","22","26","31","7","0","0"
"2243","05/04/11","5","6","8","12","29","35","7","0","0"
"2242","02/04/11","6","14","16","19","21","30","2","0","0"
"2241","29/03/11","6","13","21","23","24","29","1","0","0"
"2240","26/03/11","8","12","13","19","23","29","3","0","0"
"2239","22/03/11","4","5","7","8","15","33","7","0","0"
"2238","19/03/11","8","10","17","19","24","32","3","0","0"
"2237","15/03/11","4","11","18","19","22","28","2","0","0"
"2236","12/03/11","3","7","14","17","18","20","1","1","0"
"2235","08/03/11","2","7","8","9","13","28","3","0","0"
"2234","05/03/11","2","17","19","21","26","31","6","1","0"
"2233","01/03/11","13","20","25","28","33","35","8","0","0"
"2232","26/02/11","19","23","24","28","29","33","5","0","0"
"2231","22/02/11","1","9","10","11","15","21","1","0","0"
"2230","19/02/11","1","10","12","17","26","30","1","0","0"
"2229","15/02/11","10","16","19","24","27","32","4","0","0"
"2228","12/02/11","1","4","18","20","26","31","2","1","0"
"2227","08/02/11","3","7","9","18","30","35","3","0","0"
"2226","05/02/11","7","20","24","26","34","36","5","0","0"
"2225","01/02/11","8","12","21","31","33","34","1","0","1"
"2224","29/01/11","7","10","12","13","30","36","7","0","0"
"2223","25/01/11","5","7","21","25","36","37","6","0","0"
"2222","22/01/11","4","11","13","20","29","33","5","0","0"
"2221","18/01/11","6","7","12","22","26","37","7","0","0"
"2220","15/01/11","7","12","16","22","25","28","7","1","0"
"2219","11/01/11","5","21","25","26","29","37","7","0","0"
"2218","08/01/11","3","11","29","32","33","35","6","0","0"
"2217","04/01/11","4","13","21","24","26","31","7","1","0"
"2216","01/01/11","2","13","14","19","31","35","1","0","0"
"2215","28/12/10","2","9","10","22","31","37","8","1","0"
"2214","25/12/10","7","8","10","16","28","35","7","0","0"
"2213","21/12/10","6","8","10","20","22","36","5","0","0"
"2212","18/12/10","2","5","6","9","17","35","1","0","0"
"2211","14/12/10","3","8","11","19","21","32","1","0","0"
"2210","11/12/10","5","8","19","23","28","36","2","0","0"
"2209","07/12/10","3","7","11","16","17","36","1","0","0"
"2208","04/12/10","3","11","12","20","27","34","5","0","0"
"2207","30/11/10","12","19","23","25","28","32","1","0","0"
"2206","27/11/10","6","9","12","18","23","25","1","0","0"
"2205","23/11/10","4","9","12","16","21","31","5","0","0"
"2204","20/11/10","7","13","14","21","35","37","7","0","1"
"2203","16/11/10","11","12","14","15","32","34","8","0","0"
"2202","13/11/10","12","15","19","31","35","37","5","0","0"
"2201","09/11/10","21","22","26","29","33","36","2","0","0"
"2200","06/11/10","18","20","21","24","25","31","7","0","0"
"2199","02/11/10","2","11","24","31","35","36","2","0","0"
"2198","30/10/10","8","11","16","30","31","33","5","0","0"
"2197","26/10/10","1","11","15","17","29","32","3","0","0"
"2196","23/10/10","4","5","14","17","23","35","5","0","0"
"2195","19/10/10","8","9","21","28","32","33","8","0","0"
"2194","16/10/10","13","14","26","32","33","36","2","3","0"
"2193","12/10/10","10","17","29","32","34","35","4","0","0"
"2192","09/10/10","13","14","21","30","32","37","1","0","0"
"2191","05/10/10","3","14","24","29","30","33","6","0","0"
"2190","02/10/10","13","14","18","31","34","35","7","0","0"
"2189","28/09/10","2","14","15","16","25","35","5","0","1"
"2188","25/09/10","4","15","20","21","27","32","7","0","0"
"2187","21/09/10","13","14","26","32","33","36","1","0","0"
"2186","19/09/10","3","4","5","27","29","30","4","0","0"
"2185","14/09/10","14","16","21","22","24","35","2","0","0"
"2184","12/09/10","1","4","13","16","34","36","6","0","0"
"2183","07/09/10","4","5","16","17","30","35","5","0","0"
"2182","04/09/10","10","15","24","25","30","37","6","0","0"
"2181","31/08/10","12","13","16","18","22","36","7","0","0"
"2180","28/08/10","1","7","11","15","21","34","3","0","0"
"2179","24/08/10","3","8","11","12","25","27","3","0","0"
"2178","21/08/10","1","10","12","13","15","37","1","1","0"
"2177","17/08/10","1","7","12","14","25","30","4","0","0"
"2176","14/08/10","8","17","18","24","26","31","2","0","0"
"2175","10/08/10","12","17","18","19","21","37","3","0","0"
"2174","07/08/10","7","8","18","19","20","33","8","0","0"
"2173","03/08/10","15","19","27","28","30","31","3","0","0"
"2172","31/07/10","1","6","7","13","19","29","7","0","0"
"2171","27/07/10","1","6","9","24","35","36","5","0","0"
"2170","24/07/10","3","4","5","14","26","32","4","0","0"
"2169","20/07/10","2","9","13","20","21","24","4","0","1"
"2168","17/07/10","1","8","9","10","16","37","5","0","0"
"2167","13/07/10","6","9","20","22","27","36","4","0","0"
"2166","10/07/10","6","8","9","16","25","36","2","0","0"
"2165","06/07/10","7","9","21","23","24","27","5","0","1"
"2164","03/07/10","4","8","12","14","29","37","3","0","0"
"2163","01/07/10","3","4","6","8","15","20","3","0","0"
"2162","29/06/10","1","11","13","27","29","32","1","1","1"
"2161","26/06/10","6","10","14","16","28","31","5","0","0"
"2160","24/06/10","8","15","23","25","26","37","8","0","0"
"2159","22/06/10","2","11","16","18","22","29","1","0","0"
"2158","19/06/10","4","5","6","7","10","28","6","0","0"
"2157","15/06/10","2","6","17","20","21","30","5","0","0"
"2156","12/06/10","7","8","15","23","25","26","8","0","0"
"2155","08/06/10","11","12","23","25","28","31","1","1","0"
"2154","05/06/10","10","22","25","29","31","34","8","0","0"
"2153","03/06/10","2","10","15","26","28","34","4","0","0"
"2152","01/06/10","2","10","11","12","19","34","8","0","0"
"2151","29/05/10","1","4","17","19","27","36","5","0","0"
"2150","25/05/10","9","10","12","16","20","23","2","0","0"
"2149","22/05/10","18","19","23","24","28","31","3","0","0"
"2148","19/05/10","2","3","9","18","23","30","5","0","0"
"2147","15/05/10","4","8","14","19","35","36","4","0","0"
"2146","11/05/10","4","17","19","22","32","35","3","0","0"
"2145","08/05/10","1","10","12","19","30","32","3","0","0"
"2144","06/05/10","1","2","12","16","22","25","3","0","0"
"2143","04/05/10","9","18","31","33","34","35","7","0","0"
"2142","01/05/10","2","8","9","18","20","27","7","0","0"
"2141","27/04/10","2","3","5","8","10","14","4","1","0"
"2140","24/04/10","4","7","22","29","31","36","3","0","0"
"2139","21/04/10","6","10","23","24","28","36","4","0","0"
"2138","17/04/10","1","11","20","27","28","30","4","0","0"
"2137","13/04/10","5","11","14","15","21","32","3","0","0"
"2136","10/04/10","12","15","21","24","28","34","7","1","0"
"2135","06/04/10","2","11","18","22","31","36","2","0","0"
"2134","03/04/10","6","9","10","21","26","27","6","0","0"
"2133","30/03/10","1","5","10","22","28","30","8","0","0"
"2132","27/03/10","7","11","15","25","30","36","1","0","0"
"2131","23/03/10","8","12","21","25","27","31","2","0","0"
"2130","20/03/10","4","11","12","14","25","29","1","1","0"
"2129","16/03/10","14","15","21","27","30","32","2","0","0"
"2128","13/03/10","1","2","13","15","24","26","1","0","0"
"2127","09/03/10","7","8","9","13","20","33","1","0","0"
"2126","06/03/10","6","7","27","34","35","36","7","0","0"
"2125","02/03/10","6","11","18","25","29","33","5","0","0"
"2124","27/02/10","7","16","21","24","26","34","8","0","0"
"2123","23/02/10","13","23","25","29","31","35","2","0","0"
"2122","20/02/10","3","4","13","15","18","19","6","0","0"
"2121","16/02/10","1","2","13","24","30","32","2","0","0"
"2120","13/02/10","1","8","11","13","15","25","4","0","0"
"2119","09/02/10","11","18","24","26","31","34","6","1","0"
"2118","06/02/10","7","19","22","24","28","37","7","0","0"
"2117","02/02/10","5","13","14","15","18","30","1","0","0"
"2116","30/01/10","14","23","26","27","33","35","5","0","0"
"2115","26/01/10","2","11","14","24","28","30","1","0","0"
"2114","23/01/10","9","10","11","14","24","33","6","0","0"
"2113","19/01/10","6","9","19","25","32","33","6","0","0"
"2112","16/01/10","10","12","14","15","28","37","4","0","0"
"2111","12/01/10","2","7","9","10","12","20","4","0","0"
"2110","09/01/10","1","3","4","32","33","35","2","0","0"
"2109","05/01/10","3","6","22","32","33","36","4","0","0"
"2108","02/01/10","1","11","12","27","31","35","4","1","0"
"2107","29/12/09","7","8","12","13","29","31","8","0","0"
"2106","26/12/09","6","8","14","21","23","24","7","0","1"
"2105","22/12/09","16","19","22","24","26","28","2","0","0"
"2104","19/12/09","10","15","19","25","34","36","1","0","0"
"2103","15/12/09","9","21","22","23","25","35","7","0","0"
"2102","12/12/09","4","6","12","23","26","30","6","0","0"
"2101","08/12/09","1","6","15","20","22","24","4","0","0"
"2100","05/12/09","3","22","25","28","33","34","3","0","0"
"2099","01/12/09","1","11","13","24","29","31","8","0","0"
"2098","28/11/09","9","10","16","27","30","34","3","0","0"
"2097","24/11/09","5","6","7","24","29","33","8","0","0"
"2096","21/11/09","1","14","16","17","27","36","4","0","0"
"2095","17/11/09","2","12","13","18","28","30","4","0","0"
"2094","14/11/09","5","6","14","31","32","34","4","0","0"
"2093","10/11/09","4","17","18","22","31","32","6","0","0"
"2092","07/11/09","3","11","17","18","25","33","4","0","0"
"2091","03/11/09","3","6","9","11","25","32","7","0","0"
"2090","31/10/09","6","8","17","20","22","25","1","0","0"
"2089","27/10/09","3","10","11","23","24","25","1","0","0"
"2088","24/10/09","5","7","19","23","30","33","5","0","0"
"2087","20/10/09","8","14","25","27","31","37","3","0","0"
"2086","17/10/09","1","3","10","14","23","37","3","0","0"
"2085","13/10/09","2","11","15","19","28","36","6","0","0"
"2084","10/10/09","2","6","12","17","32","37","6","1","0"
"2083","06/10/09","3","12","20","22","25","28","8","0","0"
"2082","03/10/09","1","14","16","17","26","34","4","0","0"
"2081","29/09/09","4","8","14","21","22","34","8","0","0"
"2080","26/09/09","2","4","8","11","16","34","2","0","0"
"2079","22/09/09","2","6","8","18","21","29","8","0","0"
"2078","20/09/09","5","6","10","23","25","34","8","0","0"
"2077","15/09/09","21","23","25","30","31","33","2","1","0"
"2076","12/09/09","14","17","24","30","32","35","7","0","0"
"2075","08/09/09","8","14","20","21","28","35","1","0","0"
"2074","05/09/09","3","10","14","17","22","37","3","0","0"
"2073","01/09/09","4","8","11","16","27","31","1","0","0"
"2072","29/08/09","7","8","11","12","20","35","6","0","0"
"2071","25/08/09","6","7","14","16","17","28","8","0","0"
"2070","22/08/09","1","10","21","22","31","34","3","0","0"
"2069","18/08/09","12","17","20","22","25","30","3","0","0"
"2068","15/08/09","8","11","17","21","25","31","2","0","0"
"2067","11/08/09","7","16","20","22","32","34","8","0","0"
"2066","08/08/09","4","13","16","23","33","37","4","0","0"
"2065","06/08/09","4","5","11","28","29","34","1","0","0"
"2064","04/08/09","1","3","16","23","33","37","8","0","0"
"2063","01/08/09","3","5","20","27","33","37","1","0","0"
"2062","28/07/09","1","2","4","22","29","36","4","0","0"
"2061","25/07/09","2","3","4","17","20","26","4","0","0"
"2060","21/07/09","3","7","17","19","21","33","6","0","0"
"2059","18/07/09","6","20","30","32","34","35","7","0","0"
"2058","14/07/09","6","7","10","15","16","20","3","1","0"
"2057","11/07/09","4","17","18","24","26","37","3","1","0"
"2056","07/07/09","2","3","13","14","20","26","2","0","0"
"2055","04/07/09","8","9","14","18","22","37","5","0","0"
"2054","02/07/09","6","11","21","24","25","26","6","0","0"
"2053","30/06/09","2","11","12","21","35","36","6","0","0"
"2052","27/06/09","2","12","24","25","27","28","5","0","0"
"2051","23/06/09","6","11","13","17","26","31","7","0","0"
"2050","20/06/09","8","9","11","28","30","35","2","0","0"
"2049","18/06/09","20","27","30","32","34","37","3","0","0"
"2048","16/06/09","6","18","19","23","27","31","4","0","0"
"2047","13/06/09","2","8","10","18","21","28","2","0","0"
"2046","09/06/09","9","12","14","15","23","34","1","0","0"
"2045","06/06/09","13","23","29","31","32","34","1","0","0"
"2044","04/06/09","5","6","8","16","18","30","3","0","0"
"2043","02/06/09","6","9","12","19","27","32","4","0","0"
"2042","30/05/09","2","22","24","32","36","37","7","0","0"
"2041","26/05/09","2","5","9","17","23","33","3","0","1"
"2040","23/05/09","21","23","29","30","31","35","2","0","0"
"2039","19/05/09","4","5","10","11","30","37","4","0","0"
"2038","16/05/09","4","15","20","30","31","35","2","0","0"
"2037","12/05/09","3","6","18","26","27","34","6","0","0"
"2036","09/05/09","13","16","17","19","21","28","4","1","0"
"2035","07/05/09","7","9","28","29","36","37","1","0","0"
"2034","05/05/09","16","24","29","32","36","37","3","0","0"
"2033","02/05/09","5","11","15","20","21","26","5","0","0"
"2032","29/04/09","2","6","13","21","27","31","7","0","0"
"2031","25/04/09","1","5","6","16","27","33","3","0","0"
"2030","21/04/09","10","17","19","32","35","37","4","0","0"
"2029","18/04/09","13","16","18","25","32","33","7","1","0"
"2028","15/04/09","9","12","17","18","33","34","5","0","0"
"2027","11/04/09","4","5","10","11","20","25","5","0","0"
"2026","07/04/09","3","18","21","24","27","29","1","1","0"
"2025","04/04/09","15","17","21","35","36","37","6","0","0"
"2024","02/04/09","1","9","17","25","28","33","2","1","0"
"2023","31/03/09","2","8","21","22","33","35","4","0","0"
"2022","28/03/09","12","13","20","24","28","31","1","0","0"
"2021","24/03/09","2","8","12","21","26","28","5","0","0"
"2020","21/03/09","3","4","12","14","20","31","2","0","0"
"2019","17/03/09","7","9","10","11","20","33","3","0","0"
"2018","14/03/09","3","8","10","11","19","31","2","0","0"
"2017","10/03/09","5","11","15","28","30","34","2","0","0"
"2016","07/03/09","1","2","10","14","17","21","1","0","0"
"2015","05/03/09","1","7","10","24","28","35","1","0","0"
"2014","03/03/09","14","15","16","23","25","35","2","0","0"
"2013","28/02/09","8","14","24","28","34","35","8","0","0"
"2012","24/02/09","3","4","6","25","27","32","7","0","0"
"2011","21/02/09","12","13","17","22","30","33","5","0","0"
"2010","17/02/09","9","11","15","22","24","27","6","0","1"
"2009","14/02/09","1","8","10","16","26","30","6","0","0"
"2008","10/02/09","6","9","12","19","25","29","7","0","0"
"2007","07/02/09","1","4","5","6","19","30","8","0","0"
"2006","05/02/09","4","5","6","8","25","29","9","0","0"
"2005","03/02/09","9","13","15","17","19","32","5","0","0"
"2004","31/01/09","6","10","11","21","23","31","9","0","0"
"2003","27/01/09","3","6","7","10","23","25","7","0","0"
"2002","24/01/09","1","9","10","12","19","34","1","0","0"
"2001","20/01/09","1","5","16","19","26","33","7","1","0"
"2000","17/01/09","7","9","24","25","30","34","8","0","0"
"1999","13/01/09","2","3","11","12","20","30","4","0","0"
"1998","10/01/09","3","4","6","17","27","31","9","0","0"
"1997","06/01/09","5","24","26","27","29","30","5","0","0"
"1996","03/01/09","11","15","17","18","29","30","5","1","0"
"1995","01/01/09","2","4","13","19","29","31","7","0","0"
"1994","30/12/08","10","15","24","29","32","33","5","0","0"
"1993","27/12/08","6","8","10","18","31","32","9","0","0"
"1992","25/12/08","12","20","24","26","30","33","3","0","0"
"1991","23/12/08","1","2","15","17","19","25","7","0","0"
"1990","20/12/08","9","11","12","17","19","23","1","0","0"
"1989","16/12/08","4","11","20","22","30","32","9","0","0"
"1988","13/12/08","4","5","10","19","28","30","6","0","0"
"1987","09/12/08","5","11","12","18","26","34","5","1","0"
"1986","06/12/08","3","17","24","27","30","31","10","0","0"
"1985","04/12/08","4","7","18","21","28","30","5","0","0"
"1984","02/12/08","5","14","15","23","25","34","1","0","0"
"1983","29/11/08","3","8","13","17","22","29","8","0","0"
"1982","25/11/08","2","7","12","16","29","34","5","0","0"
"1981","22/11/08","9","15","18","22","23","24","3","0","0"
"1980","18/11/08","4","8","15","22","28","31","7","0","0"
"1979","15/11/08","4","8","25","26","29","31","4","0","0"
"1978","11/11/08","7","10","13","19","29","33","7","1","0"
"1977","08/11/08","5","19","22","27","29","34","5","0","0"
"1976","06/11/08","5","10","14","15","24","31","9","0","0"
"1975","04/11/08","2","5","11","21","24","31","3","0","0"
"1974","01/11/08","3","9","10","15","17","26","2","0","0"
"1973","30/10/08","2","6","14","26","27","30","2","0","0"
"1972","28/10/08","6","10","23","28","29","30","4","0","0"
"1971","25/10/08","1","7","8","19","24","26","4","0","0"
"1970","22/10/08","7","10","11","13","23","33","6","0","0"
"1969","18/10/08","4","8","17","18","22","32","1","0","0"
"1968","14/10/08","4","7","13","14","15","20","2","0","0"
"1967","11/10/08","9","10","20","24","26","27","7","0","0"
"1966","07/10/08","4","5","14","18","24","31","4","1","0"
"1965","04/10/08","2","9","13","16","20","23","5","1","0"
"1964","01/10/08","3","4","5","7","10","16","6","0","0"
"1963","27/09/08","3","5","9","16","18","26","2","0","0"
"1962","23/09/08","3","12","14","22","27","33","7","0","0"
"1961","20/09/08","10","14","17","26","30","33","10","0","0"
"1960","16/09/08","4","19","24","25","30","34","4","0","1"
"1959","13/09/08","2","3","5","11","13","24","2","0","0"
"1958","09/09/08","13","15","18","22","23","31","3","0","0"
"1957","06/09/08","4","9","12","24","29","33","7","0","0"
"1956","02/09/08","1","5","9","23","24","30","6","0","0"
"1955","30/08/08","13","18","25","26","31","32","1","0","0"
"1954","26/08/08","4","6","15","23","27","33","3","0","1"
"1953","23/08/08","1","2","8","10","19","22","5","0","0"
"1952","19/08/08","10","14","18","19","21","23","5","0","0"
"1951","16/08/08","12","18","19","23","28","29","3","0","0"
"1950","12/08/08","2","9","18","26","28","33","6","0","0"
"1949","08/08/08","3","8","13","20","31","33","10","0","0"
"1948","05/08/08","1","12","17","21","28","32","8","0","0"
"1947","02/08/08","1","19","20","22","28","34","4","1","0"
"1946","29/07/08","2","11","13","17","32","34","6","0","0"
"1945","26/07/08","5","15","21","22","27","29","10","0","0"
"1944","22/07/08","3","10","13","18","21","31","3","1","0"
"1943","19/07/08","12","15","17","18","26","31","9","0","0"
"1942","15/07/08","11","12","13","21","23","24","7","0","0"
"1941","12/07/08","5","8","12","16","21","25","1","0","0"
"1940","08/07/08","3","16","20","23","27","28","5","1","0"
"1939","05/07/08","3","19","25","26","32","34","10","0","0"
"1938","01/07/08","4","11","13","17","24","28","10","1","0"
"1937","28/06/08","4","7","11","14","22","25","7","1","0"
"1936","24/06/08","1","9","15","16","19","34","2","0","1"
"1935","21/06/08","2","9","13","19","23","32","3","0","1"
"1934","17/06/08","3","7","8","22","24","30","8","0","0"
"1933","14/06/08","2","4","19","27","33","34","8","0","0"
"1932","11/06/08","4","12","14","21","24","30","2","0","0"
"1931","07/06/08","1","2","17","18","32","34","6","0","0"
"1930","03/06/08","3","4","6","13","21","30","6","0","0"
"1929","31/05/08","2","8","20","25","31","32","9","0","0"
"1928","27/05/08","2","3","4","12","18","28","6","0","0"
"1927","24/05/08","1","2","16","17","20","31","3","0","0"
"1926","20/05/08","1","12","16","20","22","23","8","1","0"
"1925","17/05/08","5","9","13","24","27","31","2","0","0"
"1924","13/05/08","6","12","13","16","28","32","6","0","0"
"1923","10/05/08","6","11","18","25","29","30","8","0","0"
"1922","06/05/08","3","10","18","27","28","30","2","1","0"
"1921","03/05/08","11","18","22","24","26","29","5","2","0"
"1920","29/04/08","4","13","19","23","27","28","1","0","0"
"1919","26/04/08","1","2","3","6","7","17","6","0","0"
"1918","22/04/08","5","7","9","17","25","30","8","0","0"
"1917","18/04/08","1","5","8","14","21","23","10","0","0"
"1916","15/04/08","6","11","23","25","28","29","3","1","0"
"1915","12/04/08","3","12","19","26","29","33","8","0","0"
"1914","08/04/08","2","10","11","13","14","17","7","1","0"
"1913","05/04/08","6","9","12","18","19","31","6","1","0"
"1912","01/04/08","5","7","12","16","18","34","4","0","0"
"1911","29/03/08","5","7","9","20","26","31","9","1","0"
"1910","25/03/08","13","28","29","31","32","34","10","1","0"
"1909","22/03/08","2","4","21","26","27","33","4","0","0"
"1908","18/03/08","8","11","14","26","28","29","1","0","0"
"1907","15/03/08","5","13","17","22","25","34","7","0","0"
"1906","11/03/08","1","7","8","16","17","24","3","0","0"
"1905","08/03/08","6","19","20","21","25","32","9","0","0"
"1904","04/03/08","9","11","12","20","30","33","7","0","0"
"1903","01/03/08","5","7","15","23","27","32","4","0","0"
"1902","26/02/08","7","14","15","24","27","34","9","0","0"
"1901","23/02/08","3","4","22","23","24","26","1","0","0"
"1900","19/02/08","3","7","13","15","21","26","7","0","0"
"1899","16/02/08","3","8","14","16","17","21","3","0","0"
"1898","12/02/08","9","17","18","20","33","34","8","0","0"
"1897","09/02/08","2","12","20","24","29","31","9","1","0"
"1896","05/02/08","6","10","16","17","20","32","8","0","0"
"1895","02/02/08","2","7","8","14","21","33","2","1","1"
"1894","29/01/08","2","3","23","25","31","32","8","0","0"
"1893","26/01/08","6","14","17","26","30","32","7","0","0"
"1892","22/01/08","2","3","7","15","17","28","8","0","0"
"1891","19/01/08","7","12","17","21","25","29","2","0","0"
"1890","15/01/08","2","3","7","11","20","28","8","0","0"
"1889","12/01/08","10","12","16","28","29","31","6","1","0"
"1888","08/01/08","8","10","17","22","26","31","1","0","0"
"1887","05/01/08","4","7","11","15","18","31","9","0","0"
"1886","31/12/07","1","3","6","18","22","28","2","0","0"
"1885","29/12/07","5","15","17","23","27","30","2","0","0"
"1884","25/12/07","2","3","9","10","14","18","5","0","0"
"1883","22/12/07","2","5","14","20","22","30","8","0","0"
"1882","18/12/07","3","11","13","16","17","33","8","0","0"
"1881","15/12/07","3","4","15","17","18","33","9","0","0"
"1880","11/12/07","14","17","18","22","25","34","5","1","0"
"1879","08/12/07","5","13","25","28","32","34","6","0","0"
"1878","06/12/07","10","14","17","23","24","34","9","0","0"
"1877","04/12/07","3","14","16","23","24","31","1","0","0"
"1876","01/12/07","3","4","8","11","17","19","9","0","0"
"1875","27/11/07","1","2","7","27","29","31","3","0","0"
"1874","24/11/07","7","11","15","19","22","27","3","1","0"
"1873","20/11/07","7","11","15","20","31","33","6","0","0"
"1872","17/11/07","3","4","9","14","15","30","3","0","0"
"1871","13/11/07","3","7","11","14","23","28","4","0","0"
"1870","10/11/07","5","8","10","15","26","30","6","0","0"
"1869","06/11/07","1","19","22","25","27","32","2","0","0"
"1868","03/11/07","10","12","13","19","21","28","4","0","0"
"1867","01/11/07","3","5","15","23","28","32","7","0","0"
"1866","30/10/07","10","14","23","27","30","31","10","0","0"
"1865","27/10/07","2","5","10","11","17","22","4","0","1"
"1864","23/10/07","11","12","15","17","19","31","2","0","0"
"1863","20/10/07","4","7","9","10","24","33","8","0","0"
"1862","16/10/07","6","8","14","18","19","29","5","0","0"
"1861","13/10/07","10","14","17","21","29","30","5","0","0"
"1860","11/10/07","2","7","8","12","26","29","3","0","0"
"1859","09/10/07","5","10","12","22","32","33","1","0","0"
"1858","06/10/07","4","10","12","15","21","29","3","0","0"
"1857","02/10/07","1","2","3","5","33","34","2","0","0"
"1856","29/09/07","1","2","11","18","28","34","3","0","0"
"1855","25/09/07","1","6","7","10","26","29","6","0","0"
"1854","23/09/07","8","16","17","22","23","24","1","0","1"
"1853","18/09/07","4","16","19","28","30","32","10","1","0"
"1852","16/09/07","3","4","9","16","23","27","3","1","0"
"1851","11/09/07","3","12","15","26","33","34","10","0","0"
"1850","08/09/07","3","10","18","21","25","27","2","0","0"
"1849","06/09/07","2","6","22","31","32","33","5","0","0"
"1848","04/09/07","3","14","20","31","33","34","7","2","0"
"1847","01/09/07","1","3","8","11","20","31","9","0","0"
"1846","28/08/07","20","28","29","30","32","34","3","0","0"
"1845","25/08/07","7","13","15","22","30","32","5","0","0"
"1844","21/08/07","5","13","21","25","31","33","3","0","0"
"1843","18/08/07","6","7","12","21","28","30","8","0","0"
"1842","14/08/07","3","9","10","16","30","32","8","0","1"
"1841","11/08/07","3","7","9","15","18","29","1","0","0"
"1840","07/08/07","4","6","8","10","17","34","10","0","0"
"1839","04/08/07","5","6","9","16","19","22","8","1","0"
"1838","02/08/07","5","9","10","11","29","31","6","0","0"
"1837","31/07/07","1","3","7","20","21","22","7","0","0"
"1836","28/07/07","9","12","23","24","28","33","4","0","0"
"1835","24/07/07","7","13","22","24","27","28","3","0","0"
"1834","21/07/07","6","7","10","12","22","30","4","0","0"
"1833","17/07/07","5","7","12","15","20","25","5","1","0"
"1832","14/07/07","2","7","10","21","25","33","6","0","0"
"1831","10/07/07","6","7","9","15","28","33","9","0","0"
"1830","07/07/07","7","9","14","15","24","34","6","0","0"
"1829","05/07/07","2","4","16","18","26","34","2","0","0"
"1828","03/07/07","2","12","21","24","25","27","9","0","0"
"1827","28/06/07","5","6","7","24","26","29","3","0","0"
"1826","26/06/07","8","14","22","28","31","33","5","0","0"
"1825","23/06/07","3","7","19","21","27","31","9","0","0"
"1824","19/06/07","5","6","9","17","27","32","4","0","0"
"1823","16/06/07","9","12","18","21","23","28","1","0","0"
"1822","12/06/07","5","6","9","21","24","28","2","1","0"
"1821","09/06/07","13","17","20","21","25","34","7","0","0"
"1820","07/06/07","3","4","11","23","24","34","10","0","0"
"1819","05/06/07","6","9","13","16","24","32","4","1","0"
"1818","02/06/07","1","7","9","16","17","29","8","0","0"
"1817","29/05/07","1","3","21","23","27","32","6","0","0"
"1816","26/05/07","5","8","13","14","16","29","10","0","0"
"1815","23/05/07","2","3","8","22","24","34","4","0","0"
"1814","19/05/07","3","8","9","24","26","27","9","1","0"
"1813","15/05/07","3","6","7","15","18","20","6","0","0"
"1812","12/05/07","2","4","9","24","33","34","9","0","0"
"1811","08/05/07","6","10","11","25","31","32","7","0","0"
"1810","05/05/07","4","15","21","26","27","28","9","1","0"
"1809","03/05/07","10","11","19","25","26","27","9","0","0"
"1808","01/05/07","1","3","5","14","19","22","8","0","0"
"1807","28/04/07","3","14","16","22","28","29","7","0","0"
"1806","25/04/07","8","9","21","28","30","32","2","0","0"
"1805","21/04/07","1","3","14","19","26","31","9","0","0"
"1804","17/04/07","5","6","17","20","24","28","3","0","0"
"1803","14/04/07","1","9","10","17","26","34","1","0","0"
"1802","12/04/07","5","18","20","24","26","29","10","0","0"
"1801","10/04/07","2","3","5","6","12","32","6","0","0"
"1800","07/04/07","14","17","20","24","25","31","7","1","0"
"1799","04/04/07","6","8","12","24","25","31","4","0","0"
"1798","31/03/07","1","7","22","26","31","32","3","0","0"
"1797","27/03/07","7","12","22","24","26","30","4","0","0"
"1796","24/03/07","4","9","10","12","21","32","8","0","0"
"1795","20/03/07","2","18","19","20","26","31","4","0","0"
"1794","17/03/07","1","12","20","31","33","34","7","0","0"
"1793","13/03/07","2","4","10","15","21","30","4","0","0"
"1792","10/03/07","3","12","20","25","28","32","6","0","0"
"1791","08/03/07","6","10","16","24","27","30","1","0","0"
"1790","06/03/07","7","8","21","28","29","31","3","0","0"
"1789","03/03/07","3","4","12","14","33","34","9","0","0"
"1788","27/02/07","2","5","6","20","28","30","7","0","0"
"1787","24/02/07","1","8","11","12","25","30","9","0","0"
"1786","20/02/07","17","24","27","30","31","34","8","0","0"
"1785","17/02/07","9","15","19","27","28","32","7","0","0"
"1784","13/02/07","10","11","16","20","23","33","10","0","0"
"1783","10/02/07","15","26","29","30","33","34","7","0","0"
"1782","06/02/07","9","11","19","20","27","28","4","0","0"
"1781","03/02/07","8","16","21","23","26","28","4","0","0"
"1780","01/02/07","3","4","12","21","30","34","8","1","0"
"1779","30/01/07","6","14","18","24","25","27","8","0","0"
"1778","27/01/07","6","10","15","20","27","33","2","0","0"
"1777","23/01/07","10","17","21","26","28","29","8","0","0"
"1776","20/01/07","1","20","21","27","29","32","9","0","0"
"1775","16/01/07","3","23","27","32","33","34","6","0","0"
"1774","13/01/07","3","4","8","15","22","32","7","0","0"
"1773","09/01/07","3","14","22","24","32","33","7","0","0"
"1772","06/01/07","4","6","10","18","24","34","4","0","0"
"1771","04/01/07","1","4","8","14","27","33","4","0","0"
"1770","02/01/07","3","20","21","22","26","31","8","0","0"
"1769","30/12/06","7","17","18","20","21","26","3","0","0"
"1768","28/12/06","1","17","21","25","26","34","4","0","0"
"1767","26/12/06","15","17","19","26","28","32","7","0","0"
"1766","23/12/06","7","9","14","18","22","23","8","0","0"
"1765","19/12/06","2","6","13","22","29","34","7","0","0"
"1764","16/12/06","7","11","13","16","22","28","6","1","0"
"1763","12/12/06","11","13","15","19","31","33","2","3","0"
"1762","05/12/06","4","5","8","13","20","26","8","0","0"
"1761","02/12/06","2","5","21","27","29","33","10","0","0"
"1760","30/11/06","3","8","10","16","19","33","1","0","0"
"1759","28/11/06","1","2","13","22","25","33","9","0","0"
"1758","25/11/06","9","12","24","28","30","32","7","0","0"
"1757","21/11/06","1","3","19","27","30","32","6","0","0"
"1756","18/11/06","8","14","22","25","27","30","9","0","0"
"1755","14/11/06","2","9","11","15","19","30","9","1","0"
"1754","11/11/06","5","8","10","24","33","34","2","0","0"
"1753","09/11/06","3","10","18","25","26","34","10","0","0"
"1752","07/11/06","1","8","17","19","21","31","4","0","0"
"1751","04/11/06","4","11","13","20","21","27","2","0","0"
"1750","31/10/06","1","3","6","26","30","31","7","0","0"
"1749","28/10/06","3","4","13","26","27","33","2","0","0"
"1748","24/10/06","3","15","18","23","26","31","4","0","0"
"1747","21/10/06","1","11","12","21","23","31","10","0","0"
"1746","19/10/06","1","7","16","21","26","33","7","0","0"
"1745","17/10/06","2","6","7","11","12","22","5","1","0"
"1744","14/10/06","7","8","12","17","23","33","10","0","0"
"1743","10/10/06","1","10","14","17","27","32","2","0","0"
"1742","07/10/06","5","7","8","14","30","34","1","0","0"
"1741","03/10/06","4","10","18","28","31","32","3","1","0"
"1740","30/09/06","2","6","9","16","27","31","1","0","0"
"1739","26/09/06","1","14","15","26","29","32","6","0","0"
"1738","24/09/06","2","7","28","29","31","32","7","2","0"
"1737","19/09/06","5","18","20","26","28","34","3","0","0"
"1736","16/09/06","3","17","20","21","22","28","3","0","0"
"1735","12/09/06","10","15","22","26","29","34","5","0","0"
"1734","09/09/06","14","16","19","22","25","32","10","0","0"
"1733","07/09/06","1","2","4","12","14","23","3","0","0"
"1732","05/09/06","2","4","16","23","24","29","8","0","0"
"1731","02/09/06","3","5","9","13","14","21","4","0","0"
"1730","29/08/06","1","7","21","23","29","31","5","0","0"
"1729","26/08/06","3","18","23","28","29","31","2","0","0"
"1728","22/08/06","6","10","20","22","29","34","2","0","0"
"1727","19/08/06","1","2","17","22","27","28","5","0","0"
"1726","15/08/06","8","9","18","24","31","33","3","0","0"
"1725","12/08/06","11","19","21","24","25","30","8","0","0"
"1724","10/08/06","2","5","11","15","22","26","10","0","0"
"1723","08/08/06","1","6","9","17","27","31","9","0","0"
"1722","05/08/06","6","8","15","28","29","34","9","0","0"
"1721","01/08/06","1","2","7","13","14","32","10","0","0"
"1720","29/07/06","4","7","9","13","16","18","9","0","0"
"1719","25/07/06","13","15","19","22","28","32","2","1","0"
"1718","22/07/06","3","5","16","17","24","31","7","0","0"
"1717","18/07/06","4","12","14","17","19","20","6","0","0"
"1716","15/07/06","5","11","12","16","30","33","3","0","0"
"1715","11/07/06","6","11","13","21","26","27","6","0","0"
"1714","08/07/06","3","10","11","22","23","24","8","0","0"
"1713","06/07/06","3","8","9","14","17","22","10","0","0"
"1712","04/07/06","4","10","11","21","23","34","6","0","0"
"1711","01/07/06","6","9","14","21","23","27","3","0","0"
"1710","27/06/06","2","8","11","21","32","33","2","1","0"
"1709","24/06/06","1","7","14","15","17","24","8","0","0"
"1708","20/06/06","3","10","16","20","24","29","2","1","0"
"1707","17/06/06","2","8","10","11","17","31","6","0","0"
"1706","13/06/06","2","3","5","11","19","26","2","0","0"
"1705","10/06/06","2","9","13","21","23","29","10","0","0"
"1704","08/06/06","1","12","23","25","31","33","6","0","0"
"1703","06/06/06","4","8","13","17","22","30","10","1","0"
"1702","03/06/06","7","24","25","28","29","30","8","0","0"
"1701","30/05/06","5","6","8","19","21","30","8","0","0"
"1700","27/05/06","11","15","16","18","21","23","9","0","0"
"1699","23/05/06","1","12","15","20","26","27","5","0","0"
"1698","20/05/06","8","15","25","26","28","34","3","0","0"
"1697","16/05/06","4","6","21","27","29","30","3","0","0"
"1696","13/05/06","1","8","14","17","18","26","4","0","0"
"1695","11/05/06","3","22","23","25","27","32","1","0","0"
"1694","09/05/06","17","21","24","26","29","30","1","0","0"
"1693","06/05/06","2","22","23","24","33","34","5","1","0"
"1692","03/05/06","1","9","23","25","32","34","1","0","0"
"1691","29/04/06","2","7","16","19","23","32","8","0","0"
"1690","25/04/06","12","19","21","26","32","33","1","0","0"
"1689","22/04/06","5","14","20","21","23","28","1","0","0"
"1688","19/04/06","1","3","5","15","20","26","10","0","0"
"1687","15/04/06","1","2","5","10","11","24","8","1","0"
"1686","11/04/06","19","21","25","28","31","34","10","0","0"
"1685","08/04/06","6","8","9","17","27","29","2","0","0"
"1684","06/04/06","8","12","16","18","25","28","3","0","0"
"1683","04/04/06","1","11","14","16","26","27","4","0","0"
"1682","01/04/06","1","6","12","16","22","33","4","0","0"
"1681","28/03/06","1","5","8","24","25","28","4","0","0"
"1680","25/03/06","2","6","12","23","28","32","10","0","0"
"1679","21/03/06","3","12","13","20","28","32","5","1","0"
"1678","18/03/06","3","14","18","24","27","30","6","0","0"
"1677","14/03/06","9","15","16","18","25","27","4","0","0"
"1676","11/03/06","4","5","6","16","19","22","5","0","0"
"1675","07/03/06","1","3","7","24","29","30","3","0","0"
"1674","04/03/06","12","13","26","28","29","30","2","0","0"
"1673","02/03/06","6","10","16","22","27","29","9","0","0"
"1672","28/02/06","1","3","11","16","18","30","1","0","0"
"1671","25/02/06","4","5","21","22","32","34","10","0","0"
"1670","21/02/06","1","4","11","23","26","29","3","0","0"
"1669","18/02/06","1","2","8","12","31","33","6","0","0"
"1668","14/02/06","8","16","23","26","28","29","2","0","0"
"1667","11/02/06","8","11","14","17","25","29","5","0","0"
"1666","07/02/06","8","10","22","29","33","34","9","1","0"
"1665","04/02/06","2","3","5","20","31","32","10","0","0"
"1664","02/02/06","1","3","9","20","28","34","1","2","0"
"1663","31/01/06","14","18","19","26","27","34","5","0","0"
"1662","28/01/06","2","3","9","12","18","24","9","0","0"
"1661","24/01/06","2","4","13","17","19","26","8","0","0"
"1660","21/01/06","12","21","23","24","30","31","1","0","0"
"1659","17/01/06","16","18","20","21","28","32","1","0","0"
"1658","14/01/06","1","6","9","11","16","27","9","0","0"
"1657","10/01/06","2","7","15","21","30","34","9","0","0"
"1656","07/01/06","3","5","9","20","21","28","10","0","0"
"1655","03/01/06","3","7","9","18","20","30","8","1","0"
"1654","31/12/05","6","10","17","19","21","22","10","1","0"
"1653","29/12/05","1","8","17","21","33","34","10","0","0"
"1652","27/12/05","4","8","11","25","28","29","3","0","0"
"1651","24/12/05","2","5","10","11","16","17","7","0","0"
"1650","20/12/05","4","8","16","20","24","33","8","0","0"
"1649","17/12/05","2","15","19","24","32","33","6","0","0"
"1648","13/12/05","1","8","10","28","30","32","1","1","0"
"1647","10/12/05","1","10","15","18","22","34","1","0","0"
"1646","06/12/05","3","10","14","22","29","34","8","0","0"
"1645","03/12/05","1","2","8","20","26","33","8","0","0"
"1644","01/12/05","7","15","21","26","32","33","3","0","0"
"1643","29/11/05","6","11","15","25","29","31","4","1","0"
"1642","26/11/05","1","4","6","10","32","34","7","0","0"
"1641","22/11/05","5","13","16","18","19","28","9","0","0"
"1640","19/11/05","1","4","15","22","24","33","3","0","0"
"1639","15/11/05","5","14","15","23","25","34","7","0","0"
"1638","12/11/05","2","8","16","23","24","34","9","1","0"
"1637","08/11/05","6","20","23","26","29","32","10","0","0"
"1636","05/11/05","4","7","14","20","23","27","7","0","0"
"1635","01/11/05","1","11","14","18","20","29","3","0","0"
"1634","29/10/05","6","8","10","13","27","31","6","1","0"
"1633","25/10/05","2","3","22","27","29","32","6","2","0"
"1632","22/10/05","6","8","17","23","25","28","3","0","0"
"1631","18/10/05","2","7","11","15","21","24","5","0","0"
"1630","15/10/05","6","10","13","16","26","31","4","0","0"
"1629","11/10/05","5","9","18","20","31","34","6","0","0"
"1628","08/10/05","2","12","18","20","24","34","8","1","0"
"1627","05/10/05","7","8","11","13","14","23","10","3","0"
"1626","01/10/05","6","11","13","22","30","31","4","0","0"
"1625","29/09/05","5","10","15","21","24","32","7","0","0"
"1624","27/09/05","1","3","5","14","17","19","5","0","0"
"1623","20/09/05","6","10","12","17","20","26","9","0","0"
"1622","17/09/05","3","10","11","21","23","33","7","0","0"
"1621","13/09/05","8","13","15","19","21","24","5","0","0"
"1620","10/09/05","2","12","20","26","33","34","5","0","0"
"1619","06/09/05","1","15","18","19","33","34","8","0","0"
"1618","03/09/05","12","14","15","24","27","28","7","0","0"
"1617","30/08/05","5","8","14","15","17","24","10","0","0"
"1616","27/08/05","6","13","16","19","22","27","9","0","0"
"1615","23/08/05","6","16","19","25","29","30","2","0","0"
"1614","20/08/05","13","16","25","29","30","34","4","0","0"
"1613","16/08/05","6","14","21","32","33","34","7","1","0"
"1612","12/08/05","6","7","14","23","25","26","5","0","0"
"1611","09/08/05","1","9","15","18","27","31","2","0","0"
"1610","06/08/05","2","4","8","14","17","18","10","0","0"
"1609","02/08/05","3","17","20","23","26","32","5","0","0"
"1608","30/07/05","5","9","11","24","29","34","7","0","0"
"1607","26/07/05","4","5","8","13","18","20","5","0","0"
"1606","23/07/05","6","10","11","16","30","32","3","1","0"
"1605","19/07/05","6","11","18","24","29","33","7","0","0"
"1604","16/07/05","7","11","16","17","23","31","4","0","0"
"1603","12/07/05","7","8","17","21","24","31","1","1","0"
"1602","09/07/05","6","11","14","16","28","31","1","0","0"
"1601","05/07/05","6","15","17","27","30","32","10","1","0"
"1600","02/07/05","3","4","18","20","22","32","10","0","0"
"1599","28/06/05","7","8","10","14","20","21","9","0","0"
"1598","25/06/05","6","13","21","22","28","33","2","0","0"
"1597","21/06/05","8","10","11","14","31","32","5","0","0"
"1596","18/06/05","15","18","19","25","31","34","6","1","0"
"1595","14/06/05","2","12","20","26","29","31","9","0","0"
"1594","11/06/05","9","17","27","28","29","32","1","0","0"
"1593","07/06/05","2","5","8","18","24","25","8","1","0"
"1592","04/06/05","8","16","18","21","22","25","5","0","0"
"1591","31/05/05","7","8","9","23","30","34","7","0","0"
"1590","28/05/05","8","9","13","16","23","31","9","0","0"
"1589","24/05/05","3","8","10","20","30","31","9","0","0"
"1588","21/05/05","3","9","14","19","25","29","4","1","0"
"1587","17/05/05","6","10","23","24","30","34","10","0","0"
"1586","14/05/05","4","6","17","18","20","27","1","0","0"
"1585","10/05/05","3","18","20","28","29","32","6","0","0"
"1584","07/05/05","6","20","25","26","27","33","7","0","0"
"1583","03/05/05","1","3","10","22","30","32","3","0","0"
"1582","30/04/05","2","7","20","25","27","32","3","0","0"
"1581","26/04/05","5","10","16","19","21","27","2","0","0"
"1580","22/04/05","3","15","16","18","22","33","9","0","0"
"1579","19/04/05","1","5","8","10","29","31","4","0","0"
"1578","16/04/05","1","7","12","17","19","20","4","0","0"
"1577","12/04/05","8","14","16","21","28","30","5","0","0"
"1576","09/04/05","5","11","12","15","25","32","1","0","0"
"1575","05/04/05","3","4","9","23","29","30","8","0","0"
"1574","02/04/05","1","2","18","26","29","32","8","0","0"
"1573","29/03/05","1","9","22","24","25","26","8","0","0"
"1572","26/03/05","1","11","12","15","23","32","4","0","0"
"1571","22/03/05","1","8","12","13","21","30","5","1","0"
"1570","19/03/05","1","8","13","18","20","24","7","0","0"
"1569","15/03/05","10","12","19","21","26","30","7","0","0"
"1568","12/03/05","9","15","16","22","24","29","5","1","0"
"1567","08/03/05","1","3","16","20","21","26","5","0","0"
"1566","05/03/05","2","6","7","17","24","28","10","0","0"
"1565","01/03/05","5","9","10","29","30","34","7","0","0"
"1564","26/02/05","16","22","26","31","33","34","1","0","0"
"1563","22/02/05","5","9","12","17","25","30","10","0","0"
"1562","19/02/05","8","20","24","25","31","34","3","0","0"
"1561","15/02/05","5","8","9","21","23","33","1","0","0"
"1560","12/02/05","4","7","23","25","27","31","6","0","0"
"1559","08/02/05","7","9","16","18","21","26","5","0","0"
"1558","05/02/05","3","4","13","17","21","30","2","1","0"
"1557","01/02/05","1","11","13","18","25","30","10","0","0"
"1556","29/01/05","15","18","29","31","33","34","2","0","0"
"1555","25/01/05","8","13","21","24","29","31","3","1","0"
"1554","22/01/05","2","6","12","14","16","33","5","0","0"
"1553","18/01/05","11","16","19","24","25","29","3","0","0"
"1552","15/01/05","2","14","15","17","22","30","10","1","0"
"1551","11/01/05","8","13","17","20","27","34","8","0","0"
"1550","08/01/05","9","20","21","26","30","31","5","0","0"
"1549","04/01/05","3","11","23","26","31","33","7","0","0"
"1548","31/12/04","2","3","14","25","28","29","6","0","0"
"1547","28/12/04","11","12","16","22","23","29","1","0","0"
"1546","25/12/04","9","15","23","27","31","34","7","1","0"
"1545","21/12/04","1","2","9","17","25","26","4","0","0"
"1544","18/12/04","2","4","9","20","25","28","5","0","0"
"1543","14/12/04","1","3","18","21","23","32","5","0","0"
"1542","11/12/04","2","9","11","15","16","19","4","0","0"
"1541","07/12/04","6","10","19","21","25","26","7","0","0"
"1540","04/12/04","10","11","12","14","18","21","1","0","0"
"1539","30/11/04","3","8","9","14","20","24","4","0","0"
"1538","27/11/04","8","9","19","21","26","31","7","0","0"
"1537","23/11/04","3","12","13","18","28","29","4","1","0"
"1536","20/11/04","1","5","15","26","32","34","8","0","0"
"1535","16/11/04","3","13","14","17","23","24","3","0","0"
"1534","13/11/04","3","4","12","13","17","19","10","0","0"
"1533","09/11/04","3","4","13","22","24","28","4","0","0"
"1532","06/11/04","2","10","12","13","20","27","5","0","0"
"1531","02/11/04","2","4","6","10","11","17","10","0","0"
"1530","30/10/04","7","10","14","18","22","32","2","0","0"
"1529","26/10/04","7","8","11","12","13","22","8","1","0"
"1528","23/10/04","3","6","7","18","24","25","2","0","0"
"1527","19/10/04","2","4","17","18","21","34","1","0","0"
"1526","16/10/04","6","9","19","21","30","33","3","0","0"
"1525","12/10/04","8","15","20","24","29","33","10","0","0"
"1524","09/10/04","1","5","8","10","18","23","9","0","0"
"1523","05/10/04","8","9","17","19","26","27","4","0","0"
"1522","02/10/04","1","2","4","10","11","13","10","1","0"
"1521","28/09/04","2","3","12","17","24","33","2","1","0"
"1520","25/09/04","3","4","6","7","14","20","6","1","0"
"1519","21/09/04","9","17","20","28","30","34","2","0","0"
"1518","19/09/04","2","8","9","15","27","33","7","0","0"
"1517","14/09/04","2","7","19","21","24","28","2","0","0"
"1516","11/09/04","2","8","16","22","23","34","10","0","0"
"1515","07/09/04","1","5","9","15","21","32","8","1","0"
"1514","04/09/04","10","13","19","31","32","33","2","0","0"
"1513","31/08/04","5","11","15","16","19","27","9","0","0"
"1512","28/08/04","5","6","11","15","29","33","10","0","0"
"1511","24/08/04","7","16","20","23","27","33","10","0","0"
"1510","21/08/04","1","9","10","27","32","34","5","0","0"
"1509","17/08/04","7","10","19","30","33","34","7","1","0"
"1508","14/08/04","2","9","11","19","22","23","7","0","0"
"1507","10/08/04","2","3","14","28","30","34","10","1","0"
"1506","07/08/04","19","24","27","29","32","33","10","0","0"
"1505","03/08/04","9","13","16","24","33","34","3","1","0"
"1504","31/07/04","1","4","9","22","24","26","3","1","0"
"1503","27/07/04","2","4","8","11","23","24","5","0","0"
"1502","24/07/04","9","12","18","22","31","33","5","1","0"
"1501","20/07/04","2","4","9","10","24","26","2","0","0"
"1500","17/07/04","1","4","12","17","18","30","7","0","0"
"1499","13/07/04","1","11","13","15","20","21","2","0","0"
"1498","10/07/04","7","19","27","29","30","33","9","0","0"
"1497","06/07/04","6","13","15","18","22","27","5","3","0"
"1496","03/07/04","1","6","11","15","19","26","9","0","0"
"1495","29/06/04","7","8","9","10","23","27","9","0","0"
"1494","26/06/04","10","17","25","26","27","30","3","0","0"
"1493","22/06/04","14","22","25","28","30","34","4","0","0"
"1492","19/06/04","6","8","15","25","26","28","7","0","0"
"1491","15/06/04","5","14","15","16","17","20","6","0","0"
"1490","12/06/04","5","9","12","24","27","30","9","0","0"
"1489","08/06/04","2","6","8","16","17","19","7","0","0"
"1488","05/06/04","10","12","16","22","28","32","6","0","0"
"1487","01/06/04","2","5","11","23","24","25","7","2","0"
"1486","29/05/04","5","7","21","22","28","33","1","0","0"
"1485","26/05/04","16","19","20","22","28","31","2","1","0"
"1484","22/05/04","6","14","18","19","27","33","5","0","0"
"1483","18/05/04","5","7","9","11","24","34","9","0","0"
"1482","15/05/04","3","14","18","24","31","34","3","0","0"
"1481","11/05/04","8","14","21","23","27","29","9","0","0"
"1480","08/05/04","8","14","19","27","28","34","2","0","0"
"1479","04/05/04","6","9","14","20","28","32","4","0","0"
"1478","01/05/04","2","4","11","20","24","25","9","0","0"
"1477","28/04/04","9","11","17","19","22","27","8","0","0"
"1476","24/04/04","2","5","19","24","30","34","6","0","0"
"1475","20/04/04","10","11","13","14","17","21","8","1","0"
"1474","17/04/04","2","19","27","29","31","32","4","0","0"
"1473","13/04/04","10","11","13","15","30","32","8","1","0"
"1472","10/04/04","2","21","22","24","25","26","6","0","0"
"1471","07/04/04","11","15","18","20","22","28","5","2","0"
"1470","03/04/04","1","7","9","16","26","33","7","0","0"
"1469","30/03/04","4","7","20","21","26","32","4","0","0"
"1468","27/03/04","4","6","8","19","29","31","9","0","0"
"1467","23/03/04","2","9","13","15","16","18","2","0","0"
"1466","20/03/04","3","6","8","13","14","32","7","0","0"
"1465","16/03/04","6","7","10","12","29","32","3","0","0"
"1464","12/03/04","3","4","7","14","27","29","2","0","0"